suite,scheme,n,k_or_size,op,ms,bytes,notes
hvc,KHVC,64,0,setup,17.1338,3360,
hvc,KHVC,64,0,commit,0.8566,48,
hvc,KHVC,64,0,open,0.8871,48,
hvc,KHVC,64,0,verify,1.3155,0,
hvc,KHVC,64,0,open_all_naive,35.6853,3072,
hvc,KHVC,64,0,open_all_fk20,61.8394,3072,
hvc,KHVC,64,1,fileup_all_open,62.2661,3072,k=1
hvc,KHVC,64,8,fileup_all_open,61.5857,3072,k=8
hvc,KHVC,64,64,fileup_all_open,61.4973,3072,k=64
hvc,KHVC,64,0,keyup_precomputed,3.7515,3072,
hvc,CF-HVC,64,0,setup,297.6341,209040,
hvc,CF-HVC,64,0,commit,3.8553,48,
hvc,CF-HVC,64,0,open,3.9597,48,
hvc,CF-HVC,64,0,verify,1.2635,0,
hvc,CF-HVC,64,0,open_all,259.4814,3072,
hvc,KHVC,256,0,setup,78.7054,12576,
hvc,KHVC,256,0,commit,1.0287,48,
hvc,KHVC,256,0,open,0.9997,48,
hvc,KHVC,256,0,verify,1.2417,0,
hvc,KHVC,256,0,open_all_naive,215.5941,12288,
hvc,KHVC,256,0,open_all_fk20,326.2097,12288,
hvc,KHVC,256,1,fileup_all_open,327.4535,12288,k=1
hvc,KHVC,256,8,fileup_all_open,325.4459,12288,k=8
hvc,KHVC,256,64,fileup_all_open,325.6810,12288,k=64
hvc,KHVC,256,0,keyup_precomputed,15.5859,12288,
hvc,CF-HVC,256,0,setup,4475.4104,3195024,
hvc,CF-HVC,256,0,commit,15.4631,48,
hvc,CF-HVC,256,0,open,15.4980,48,
hvc,CF-HVC,256,0,verify,1.3064,0,
hvc,CF-HVC,256,0,open_all,3994.6035,12288,
hvc,KHVC,1024,0,setup,378.6503,49440,
hvc,KHVC,1024,0,commit,2.3618,48,
hvc,KHVC,1024,0,open,2.1714,48,
hvc,KHVC,1024,0,verify,1.2748,0,
hvc,KHVC,1024,0,open_all_naive,1693.8499,49152,
hvc,KHVC,1024,0,open_all_fk20,1624.4105,49152,
hvc,KHVC,1024,1,fileup_all_open,1618.9325,49152,k=1
hvc,KHVC,1024,8,fileup_all_open,1618.4015,49152,k=8
hvc,KHVC,1024,64,fileup_all_open,1649.5487,49152,k=64
hvc,KHVC,1024,0,keyup_precomputed,63.0044,49152,
hvc,CF-HVC,1024,0,setup,70249.3191,50528400,
hvc,CF-HVC,1024,0,commit,61.8465,48,
hvc,CF-HVC,1024,0,open,61.6188,48,
hvc,CF-HVC,1024,0,verify,1.3758,0,
hvc,CF-HVC,1024,0,open_all,63130.7120,49152,
hvc,KHVC,4096,0,setup,1733.8345,196896,
hvc,KHVC,4096,0,commit,6.3860,48,
hvc,KHVC,4096,0,open,5.8127,48,
hvc,KHVC,4096,0,verify,1.2612,0,
hvc,KHVC,4096,0,open_all_fk20,7707.4735,196608,
hvc,KHVC,4096,1,fileup_all_open,7814.5371,196608,k=1
hvc,KHVC,4096,8,fileup_all_open,7902.2005,196608,k=8
hvc,KHVC,4096,64,fileup_all_open,7936.6081,196608,k=64
hvc,KHVC,4096,0,keyup_precomputed,259.2252,196608,
hvc,KHVC,16384,0,setup,8200.2262,786720,
hvc,KHVC,16384,0,commit,17.8538,48,
hvc,KHVC,16384,0,open,16.6815,48,
hvc,KHVC,16384,0,verify,1.2811,0,
hvc,KHVC,16384,0,open_all_fk20,36494.7517,786432,
hvc,KHVC,16384,1,fileup_all_open,36469.6593,786432,k=1
hvc,KHVC,16384,8,fileup_all_open,36113.5472,786432,k=8
hvc,KHVC,16384,64,fileup_all_open,36664.1965,786432,k=64
hvc,KHVC,16384,0,keyup_precomputed,1104.6693,786432,
ue,AES-GCM,1,4096,enc,0.1642,4156,
ue,AES-GCM,1,4096,dec,0.0979,4096,
ue,AES-GCM,1,4096,reenc_naive,0.0495,4112,client reencrypt
ue,Nested-AES,1,4096,enc,0.0444,4124,
ue,Nested-AES,1,4096,upd,0.0527,4152,epoch=2
ue,Nested-AES,1,4096,dec,0.0883,4096,epochs=2
ue,RISE-G1,1,48,enc,0.2910,96,
ue,RISE-G1,1,48,dec,0.4310,48,
ue,RISE-G1,1,48,upd,0.4864,96,
ue,SHINE0,1,32,enc,0.0403,32,
ue,SHINE0,1,32,dec,0.0529,32,
ue,SHINE0,1,32,upd,0.0400,32,
ue,ReCrypt-KHPRF,1,4096,enc,6.5854,8208,
ue,ReCrypt-KHPRF,1,4096,dec,1.1267,4096,
ue,ReCrypt-KHPRF,1,4096,upd,6.0518,8208,
ue,AES-GCM,1,1048576,enc,7.0888,1048636,
ue,AES-GCM,1,1048576,dec,6.1240,1048576,
ue,AES-GCM,1,1048576,reenc_naive,5.8058,1048592,client reencrypt
ue,Nested-AES,1,1048576,enc,7.0054,1048604,
ue,Nested-AES,1,1048576,upd,6.4122,1048632,epoch=2
ue,Nested-AES,1,1048576,dec,14.6946,1048576,epochs=2
ue,ReCrypt-KHPRF,1,1048576,enc,808.9797,2097168,
ue,ReCrypt-KHPRF,1,1048576,dec,140.1471,1048576,
ue,ReCrypt-KHPRF,1,1048576,upd,802.1713,2097168,
ue,AES-GCM,1,104857600,enc,451.0767,104857660,
ue,AES-GCM,1,104857600,dec,433.1570,104857600,
ue,AES-GCM,1,104857600,reenc_naive,416.6745,104857616,client reencrypt
ue,Nested-AES,1,104857600,enc,428.4802,104857628,
ue,Nested-AES,1,104857600,upd,421.4091,104857656,epoch=2
ue,Nested-AES,1,104857600,dec,855.7019,104857600,epochs=2
ue,ReCrypt-KHPRF,1,104857600,enc_est,78933.7042,209716800,measured 1MB then x100
ue,ReCrypt-KHPRF,1,104857600,upd_est,78571.1917,0,measured 1MB then x100
uss,KHVC-USS,8,4096,pargen,2.3641,672,small
uss,KHVC-USS,8,4096,store,10.8130,35088,small
uss,KHVC-USS,8,4096,rev,1.9777,4096,small
uss,KHVC-USS,8,4096,fileup,7.4688,4256,small
uss,KHVC-USS,8,4096,keyup,5.9533,144,small
uss,KHVC-USS,32,4096,pargen,8.5635,1824,small
uss,KHVC-USS,32,4096,store,40.8510,140208,small
uss,KHVC-USS,32,4096,rev,1.4282,4096,small
uss,KHVC-USS,32,4096,fileup,32.0589,4256,small
uss,KHVC-USS,32,4096,keyup,19.8331,144,small
uss,KHVC-USS,64,1048576,pargen,17.4359,3360,small
uss,KHVC-USS,64,1048576,store,478.1805,67127088,small
uss,KHVC-USS,64,1048576,rev,7.3184,1048576,small
uss,KHVC-USS,64,1048576,fileup,80.3041,1048736,small
uss,KHVC-USS,64,1048576,keyup,34.5763,144,small
uss,KHVC-USS,8,104857600,pargen,1.5412,672,large
uss,KHVC-USS,8,104857600,store,4970.6348,838863120,large
uss,KHVC-USS,8,104857600,rev,621.3403,104857600,large
uss,KHVC-USS,8,104857600,fileup,1231.1636,104857760,large
uss,KHVC-USS,8,104857600,keyup,4.6956,144,large
uss,KHVC-USS,4,1073741824,pargen,0.7110,480,large
uss,KHVC-USS,4,1073741824,store,31650.1968,4294968480,large
uss,KHVC-USS,4,1073741824,rev,7836.9839,1073741824,large
uss,KHVC-USS,4,1073741824,fileup,14755.9505,1073741984,large
uss,KHVC-USS,4,1073741824,keyup,3.0409,144,large
