scheme,size,op,reps,median_ms,p10_ms,p90_ms,ct_bytes,ns_per_byte,MBps
Ring-LWR,4096,enc,21,0.1228,0.1197,0.1294,8192,29.99,33.3461
Ring-LWR,4096,upd,21,0.1211,0.1178,0.1280,8192,29.56,33.8280
Ring-LWR,4096,dec,21,0.1192,0.1173,0.1245,8192,29.10,34.3598
Ring-LWR,4096,setup,1,0.2518,0.2518,0.2518,16384,-1,-1
Ring-LWR,65536,enc,7,1.9849,1.9292,2.2353,131072,30.29,33.0177
Ring-LWR,65536,upd,7,1.9974,1.9077,2.3403,131072,30.48,32.8104
Ring-LWR,65536,dec,7,1.9467,1.8983,2.3692,131072,29.70,33.6650
Ring-LWR,65536,setup,1,2.1766,2.1766,2.1766,262144,-1,-1
Ring-LWR,1048576,enc,5,32.2140,31.7870,32.9165,2097152,30.72,32.5503
Ring-LWR,1048576,upd,5,32.1278,31.9070,33.9170,2097152,30.64,32.6377
Ring-LWR,1048576,dec,5,31.9094,31.5827,32.9033,2097152,30.43,32.8611
Ring-LWR,1048576,setup,1,35.3807,35.3807,35.3807,4194304,-1,-1
